rem
rem $Header: dbII.SQL_V 1.1 10/10/07 23:30
rem
Rem
Rem   dbII.sql

set feedback off
prompt Tworzenie tabel i wprowadzanie danych.  Prosze czekac.



Rem Tworzenie tabel i wprowadzenie danych.

DROP TABLE wykladowcy CASCADE CONSTRAINTS;
CREATE TABLE wykladowcy
(Wykladowca_id		VARCHAR2(4)
   CONSTRAINT wyk_id_nn NOT NULL,
 Nazwisko		VARCHAR2(25)
   CONSTRAINT wyk_nazwisko_nn NOT NULL,
 Imie			VARCHAR2(15),
 Kod			VARCHAR2(5),
 Miasto			VARCHAR2(15),
 E_mail			VARCHAR2(30),
     CONSTRAINT wyk_id_pk PRIMARY KEY (Wykladowca_id));

INSERT INTO wykladowcy VALUES (
   '0001', 'Bober', 'Dariusz', '20470', 'Lublin', 'borowik@pluton.lublin.pl');
INSERT INTO wykladowcy VALUES (
   '0002', 'Bober', 'Mateusz', '20610', 'Lublin', 'mati@antenor.lublin.pl');
INSERT INTO wykladowcy VALUES (
   '0003', 'Kulawik', 'Wojciech', '48618', 'Rzeszów', 'kulaiwik@szoszon.rzeszow.pl');
INSERT INTO wykladowcy VALUES (
   '0004', 'TuŸnik', 'Piotr', '20202', 'Lublin',  'piotrt@pluton.lublin.pl');
INSERT INTO wykladowcy VALUES (
   '0005', 'Rz¹sa', 'Wojciech', '20240', 'Rzeszów','wrzasa@univ.rzeszow.pl');
INSERT INTO wykladowcy VALUES (
   '0006', 'Kopniak', 'Piotr', '20070', 'Lublin', 'copy@cs.pollub.pl');
INSERT INTO wykladowcy VALUES (
   '0007', 'Pieñkowski', 'Maciej', '20554', 'Rzeszów','pama@it.rzeszow.pl');
INSERT INTO wykladowcy VALUES (
   '0008', 'Pieñkowski', 'Mateusz', '20554', 'Lublin', 'pamat@pluton.lublin.pl');
INSERT INTO wykladowcy VALUES (
   '0009', 'Sum', 'Andrzej', '20470', 'Dêbica',  'sum@eltecol.pilzno.pl');
INSERT INTO wykladowcy VALUES (
   '0010', 'Krawiec', 'Alicja', '20234', 'Kraków', 'alak@agh.edu.pl');

COMMIT;


DROP TABLE STUDENCI CASCADE CONSTRAINTS ;
CREATE TABLE studenci
(Student_id		VARCHAR2(7)
   CONSTRAINT St_Id_nn NOT NULL,
 Nazwisko		VARCHAR2(25)
   CONSTRAINT St_nazwisko_nn NOT NULL,
 Imie			VARCHAR2(15),
 Data_ur		DATE,
 Miejsce		VARCHAR2(15),
 PESEL			VARCHAR2(11),
 Kod			VARCHAR2(5),
 Miasto			VARCHAR2(15),
 Ulica			VARCHAR2(30),
 Numer			VARCHAR2(8),
 Tel			VARCHAR2(12),
 Fax			VARCHAR2(12),
 E_mail			VARCHAR2(30),
   CONSTRAINT St_id_pk PRIMARY KEY (Student_id),
   CONSTRAINT St_PESEL_uk UNIQUE (PESEL));

INSERT INTO studenci VALUES (
   '0000049', 'Szafraniec', 'Anna', NULL, 'Lublin',
   '17047701583', '20145', 'Rzeszów', 'Daszyñskiego', '119',
   NULL,NULL, NULL);
INSERT INTO studenci VALUES (
   '0000050', 'Sobczyk', 'Katarzyna', NULL, 'Lubartów',
   '20057604185', '21850', 'Lubartów', 'D³uga', '5',
   NULL,NULL, NULL);
INSERT INTO studenci VALUES (
   '0000060', 'Biegas', 'Antoni', NULL, 'Rzeszów',
   '77071401281', '20551', 'Rzeszów', 'Herbowa', '18/71',
   '815267514',NULL, NULL);
INSERT INTO studenci VALUES (
   '0000061', 'Biegas', 'Kamila', NULL, 'Rzeszów',
   '15028310821', '20551', 'Rzeszów', 'Herbowa', '18/71',
   '815267514',NULL, NULL);
INSERT INTO studenci VALUES (
   '0000062', 'Krecha', 'Mateusz', NULL, 'Rzeszów',
   '78070702922', '20706', 'Rzeszów', 'Œnie¿yñskiego', '9',
   '815341144',NULL, NULL);
INSERT INTO studenci VALUES (
   '0000063', 'Kita', 'Anna', NULL, 'Krasienin',
   '77062003528', '22300', 'Krasienin', 'Kr. Jadwigi', '25',
   '825764636',NULL, NULL);
INSERT INTO studenci VALUES (
   '0500323', 'S³awkowska', 'Aneta', NULL, 'Rzeszów',
   '77101003960', '24333', 'Wrzelowiec', 'Krasna', '165a',
   NULL,NULL, NULL);
INSERT INTO studenci VALUES (
   '0500324', 'Pylak', 'Iwona', NULL, 'Dêbica',
   '78092008783', '22453', 'Dêbina', 'Medalionów', '36',
   '846800136',NULL, NULL);
INSERT INTO studenci VALUES (
   '0500325', 'Œwiêchowska', 'Paulina', NULL, 'Siedlce',
   '27087806425', '08110', 'Siedlce', 'Kasprowicza', '1',
   '2222864',NULL, NULL);
INSERT INTO studenci VALUES (
   '0500326', 'Chrzan', 'Matylda', NULL, 'Rzeszów',
   '72121202441', '20325', 'Lublin', 'Wierzbowa', '13/82',
   '817452594',NULL, NULL);
COMMIT;


DROP TABLE kierunki CASCADE CONSTRAINTS ;
CREATE TABLE kierunki
(kierunek_id			NUMBER(2)
   CONSTRAINT kier_id_nn NOT NULL,
 nazwa		VARCHAR2(80)
   CONSTRAINT kier_nazwa_nn NOT NULL,
 Opis			VARCHAR2(255),
 Stopien			VARCHAR2(15) NOT NULL,
 S_ECTS			NUMBER(5) DEFAULT 70,
   CONSTRAINT kier_id_pk PRIMARY KEY (kierunek_id));

INSERT INTO kierunki VALUES (
  1, 'Informatyka techniczna', 'Nauczanie przedmiotu informatyki w szko³ach podstawowych i œrednich', 'Licencjat', 40);
INSERT INTO kierunki VALUES (
  2, 'Grafika komputerowa', 'Tworzenie grafiki komputerowej w zastosowaniach profesionalnych', 'In¿ynier', 60);
INSERT INTO kierunki VALUES (
  3, 'Bazy danych', 'Zastosowanie baz danych, projektowanie, administracja i eksploatacja', 'In¿ynier', 60);
INSERT INTO kierunki VALUES (
  4, 'Gry i multimedia', 'Tworzenie gier komputerowych, zastosowania mulimediów', 'Licencjat', 60);
INSERT INTO kierunki VALUES (
  5, 'Bankowoœæ i ubezpieczenia', 'U¿ytkowanie systemów IT w bankowoœci i ubezpieczeniach, podstawy matematyczne', 'Licencjat', 70);
INSERT INTO kierunki VALUES (
  6, 'Systemy klasy ERP', 'Zarz¹dzanie systemami wsparcia procesów biznesowych w przedsiêbiorstwie', 'In¿ynier', 60);
INSERT INTO kierunki VALUES (
  7, 'BI i systemy eksperckie', 'Tworzenie modeli, mapowanie procesów w systemach podejmowania decyzji', 'Magister', 70);
INSERT INTO kierunki VALUES (
  8, 'Przetwarzanie obrazów medycznych', 'Wsparcie w pozyskiwaniu i pretwarzaniu obrazów medycznych', 'In¿ynier', 50);
INSERT INTO kierunki VALUES (
  9, 'Zarz¹dzanie zespo³em', 'Tworzenie i zarz¹dzanie zespo³ami projektowycmi', 'Magister', 70);
INSERT INTO kierunki VALUES (
 10, 'Logistyka z elementami zarz¹dzania', 'Zarz¹dzania ³añcchem przep³ywów dóbr i us³ug w gospodarce', 'In¿ynier', 60);
COMMIT;


DROP TABLE PRZEDMIOTY CASCADE CONSTRAINTS ;
CREATE TABLE przedmioty
(Przedmiot_id		NUMBER(1)
   CONSTRAINT prz_id_nn NOT NULL,
 nazwa		VARCHAR2(40)
   CONSTRAINT prz_nazwa_nn NOT NULL,
  Opis			VARCHAR2(200),
 rodzaj		VARCHAR2(10) DEFAULT ('Wyk³ad'),   
 ECTS		NUMBER DEFAULT 10,
   CONSTRAINT prz_id_pk PRIMARY KEY (Przedmiot_id),
   CONSTRAINT prz_ECTS CHECK (ECTS > 0));

INSERT INTO przedmioty(Przedmiot_id, nazwa, opis)  VALUES (
   1, 'Podstawy technik informatycznych',
   'Przedmiot ten sprawdza znajomoœæ podtaw i pojêæ z zakresu u¿ytkowania'||
   ' komputerów.' );
INSERT INTO przedmioty(Przedmiot_id, nazwa, opis)  VALUES (
   2, 'Systemy wbudowane', 'Celem tego przedmiotu jest sprawdzenie wiedzy'||
   'na temat pracy systemów wbudowanych'||
   ' stosowanych w przemyœle i bankowoœci.');
INSERT INTO przedmioty(Przedmiot_id, nazwa, opis)  VALUES (
   3, 'Edytory tekstów', 'Przedmiot ten sprawdza umiejêtnoœæ'||
   ' przetwarzania tekstu. Jest przeznaczony do oceny umiejêtnoœci'||
   ' korzystania z edytora tekstu w celu tworzenia dokumentów.');
INSERT INTO przedmioty(Przedmiot_id, nazwa, opis)  VALUES (
   4, 'Arkusze kalkulacyjne', 'Przedmiot ten weryfikuje doœwiadczenie w projektowaniu'||
   ' i stosowaniu arkusza oraz znajomoœæ jego podstawowych funkcji.');
INSERT INTO przedmioty(Przedmiot_id, nazwa, opis)  VALUES (
   5, 'Bazy danych', 'Przedmiot ten sprawdza umiejêtnoœci tworzenia ma³ej bazy'||
   ' danych przy u¿yciu standardowego pakietu bazy danych oraz tworzenia'||
   ' prostych zapytañ i raportów z istniej¹cej bazy danych.');
INSERT INTO przedmioty(Przedmiot_id, nazwa, opis)  VALUES (
   6, 'Grafika komputerowa', 'Przedmiot ten sprawdza umiejêtnoœæ'||
   ' u¿ywania narzêdzi do tworzenia prezentacji multimedialnych '||
   ' oraz prostej grafiki.');
INSERT INTO przedmioty(Przedmiot_id, nazwa, opis)  VALUES (
   7, 'Us³ugi w sieciach rozleg³ych', 'Przedmiot ten sprawdza znajomoœæ'||
   ' pojêæ sieciowych, umiejêtnoœæ korzystania z poczty elektronicznej'||
   ' i wiedzê o tym, co jest dostêpne w sieciowych serwisach informacyjnych.');
COMMIT;

DROP TABLE zaliczenia ;
CREATE TABLE zaliczenia
(nr_zal			NUMBER(7)
   CONSTRAINT zal_nr_nn NOT NULL,
 Student_id		VARCHAR2(7) NOT NULL,
 Przedmiot_id		NUMBER(1) NOT NULL,
 Wykladowca_id		VARCHAR2(4) NOT NULL,
 Data_zal			DATE,
 Kierunek_id			NUMBER(2) NOT NULL,
 Wynik			VARCHAR2(10),
   CONSTRAINT nr_zal_pk PRIMARY KEY (nr_zal));

INSERT INTO zaliczenia VALUES (
  1, '0000049', 1, '0004', '06-01-05', 1, 'Zaliczony');
INSERT INTO zaliczenia VALUES (
  2, '0000050', 1, '0004', '06-01-12', 1, 'Zaliczony');
INSERT INTO zaliczenia VALUES (
  3, '0000049', 2, '0004', '06-01-02', 1, 'Zaliczony');
INSERT INTO zaliczenia VALUES (
  4, '0000050', 2, '0004', '06-01-12', 1, 'Zaliczony');
INSERT INTO zaliczenia VALUES (
  5, '0000060', 1, '0001', '10-02-20', 2, 'Zaliczony');
INSERT INTO zaliczenia VALUES (
  6, '0000061', 1, '0002', '10-02-10', 2, 'Zaliczony');
INSERT INTO zaliczenia VALUES (
  7, '0000049', 3, '0005', '09-04-19', 3, 'Zaliczony');
INSERT INTO zaliczenia VALUES (
  8, '0000050', 3, '0009', '09-04-20', 2, 'Zaliczony');
INSERT INTO zaliczenia VALUES (
  9, '0000060', 2, '0006', '09-04-27', 4, 'Zaliczony');
INSERT INTO zaliczenia VALUES (
 10, '0000060', 3, '0006', '09-05-04', 4, 'Zaliczony');
INSERT INTO zaliczenia VALUES (
 11, '0000061', 2, '0004', '09-05-07', 1, 'Zaliczony');
INSERT INTO zaliczenia VALUES (
 12, '0000061', 3, '0001', '09-05-10', 2, 'Zaliczony');
INSERT INTO zaliczenia VALUES (
 13, '0000049', 4, '0004', '09-02-20', 1, 'Zaliczony');
INSERT INTO zaliczenia VALUES (
 14, '0000050', 4, '0002', '10-02-20', 1, 'Zaliczony');
INSERT INTO zaliczenia VALUES (
 15, '0000049', 5, '0008', '09-03-30', 8, 'Zaliczony');
INSERT INTO zaliczenia VALUES (
 16, '0000050', 5, '0003', '09-03-10', 2, 'Zaliczony');
INSERT INTO zaliczenia VALUES (
 17, '0000060', 4, '0009', '10-03-11', 6, 'Zaliczony');
INSERT INTO zaliczenia VALUES (
 18, '0000061', 5, '0001', '10-03-11', 8, 'Zaliczony');
INSERT INTO zaliczenia VALUES (
 19, '0000049', 6, '0007', '09-04-26', 3, 'Zaliczony');
INSERT INTO zaliczenia VALUES (
 20, '0000060', 5, '0007', '09-04-27', 4, 'Zaliczony');
INSERT INTO zaliczenia VALUES (
 21, '0000050', 6, '0004', '09-04-30', 4, 'Zaliczony');
INSERT INTO zaliczenia VALUES (
 22, '0000060', 7, '0006', '09-04-07', 5, 'Zaliczony');
INSERT INTO zaliczenia VALUES (
 23, '0000061', 6, '0002', '08-04-23', 5, 'Zaliczony');
INSERT INTO zaliczenia VALUES (
 24, '0000049', 7, '0010', '08-05-07', 9, 'Zaliczony');
INSERT INTO zaliczenia VALUES (
 25, '0000050', 7, '0010', '08-05-09', 9, 'Zaliczony');
INSERT INTO zaliczenia VALUES (
 26, '0000060', 6, '0002', '10-05-16', 1, 'Zaliczony');
INSERT INTO zaliczenia VALUES (
 27, '0000061', 4, '0007', '10-05-28', 2, 'Zaliczony');
INSERT INTO zaliczenia VALUES (
 28, '0000061', 7, '0003', '10-05-10', 2, 'Zaliczony');
INSERT INTO zaliczenia VALUES (
 29, '0000062', 1, '0001', '10-05-21', 2, 'Zaliczony');
INSERT INTO zaliczenia VALUES (
 30, '0000062', 2, '0002', '09-05-10', 3, 'Zaliczony');
INSERT INTO zaliczenia VALUES (
 31, '0000063', 7, '0009', '08-03-21', 2, 'Zaliczony');
INSERT INTO zaliczenia VALUES (
 32, '0000062', 3, '0003', '08-09-01', 9, 'Zaliczony');
INSERT INTO zaliczenia VALUES (
 33, '0000063', 6, '0006', '08-09-02', 5, 'Zaliczony');
INSERT INTO zaliczenia VALUES (
 35, '0000063', 5, '0006', '09-05-31', 9, 'Zaliczony');
INSERT INTO zaliczenia VALUES (
 36, '0000063', 2, '0005', '08-06-10', 2, 'Zaliczony');
INSERT INTO zaliczenia VALUES (
 37, '0000062', 5, '0006', '10-06-10', 2, 'Zaliczony');
INSERT INTO zaliczenia VALUES (
 38, '0000062', 4, '0004', '08-07-01', 10, 'Zaliczony');
INSERT INTO zaliczenia VALUES (
 39, '0000063', 3, '0003', '08-07-04', 4, 'Zaliczony');
INSERT INTO zaliczenia VALUES (
 40, '0000063', 4, '0004', '08-07-09', 10, 'Zaliczony');
INSERT INTO zaliczenia VALUES (
 41, '0000063', 1, '0002', '10-07-01', 1, 'Negatywny');
INSERT INTO zaliczenia VALUES (
 42, '0000062', 6, '0007', '10-07-02', 4, 'Zaliczony');
INSERT INTO zaliczenia VALUES (
 43, '0000062', 7, '0008', '08-09-03', 1, 'Zaliczony');
INSERT INTO zaliczenia VALUES (
 44, '0000063', 1, '0002', '10-07-01', 1, 'Zaliczony');
INSERT INTO zaliczenia VALUES (
 45, '0500324', 1, '0001', '10-09-20', 1, 'Negatywny');
INSERT INTO zaliczenia VALUES (
 46, '0500323', 2, '0003', '10-09-10', 1, 'Negatywny');
INSERT INTO zaliczenia VALUES (
 47, '0500324', 2, '0003', '09-09-09', 1, 'Negatywny');
INSERT INTO zaliczenia VALUES (
 48, '0500324', 1, '0006', '09-09-11', 1, 'Zaliczony');
INSERT INTO zaliczenia VALUES (
 49, '0500323', 1, '0006', '04-09-12', 1, 'Zaliczony');
INSERT INTO zaliczenia VALUES (
 50, '0500323', 2, '0004', '09-09-24', 1, 'Zaliczony');
INSERT INTO zaliczenia VALUES (
 51, '0500324', 2, '0004', '06-09-10', 1, 'Zaliczony');
INSERT INTO zaliczenia VALUES (
 52, '0500323', 3, '0008', '06-10-01', 10, 'Zaliczony');
INSERT INTO zaliczenia VALUES (
 53, '0500323', 4, '0009', '06-09-28', 9, 'Zaliczony');
INSERT INTO zaliczenia VALUES (
 54, '0500324', 3, '0008', '08-09-30', 10, 'Zaliczony');
INSERT INTO zaliczenia VALUES (
 55, '0500324', 4, '0009', '08-09-14', 8, 'Zaliczony');
INSERT INTO zaliczenia VALUES (
 56, '0500323', 5, '0008', '08-11-10', 6, 'Zaliczony');
INSERT INTO zaliczenia VALUES (
 57, '0500323', 7, '0009', '09-10-30', 4, 'Zaliczony');
INSERT INTO zaliczenia VALUES (
 58, '0500324', 5, '0008', '09-10-20', 5, 'Zaliczony');
INSERT INTO zaliczenia VALUES (
 59, '0500323', 6, '0009', '09-10-10', 9, 'Zaliczony');
INSERT INTO zaliczenia VALUES (
 60, '0500324', 7, '0009', '09-10-18', 6, 'Zaliczony');
INSERT INTO zaliczenia VALUES (
 61, '0500324', 6, '0008', '09-10-19', 9, 'Negatywny');
INSERT INTO zaliczenia VALUES (
 62, '0500324', 4, '0009', '09-10-21', 1, 'Zaliczony');

Rem Add foreign key constraints.

ALTER TABLE zaliczenia
   ADD CONSTRAINT id_st_fk
   FOREIGN KEY (student_id) REFERENCES studenci (student_id);
ALTER TABLE zaliczenia
   ADD CONSTRAINT id_prz_fk
   FOREIGN KEY (przedmiot_id) REFERENCES przedmioty (przedmiot_id);
ALTER TABLE zaliczenia
   ADD CONSTRAINT id_wyk_fk
   FOREIGN KEY (wykladowca_id) REFERENCES wykladowcy (wykladowca_id);
ALTER TABLE zaliczenia
   ADD CONSTRAINT id_k_fk
   FOREIGN KEY (kierunek_id) REFERENCES kierunki (kierunek_id);

update wykladowcy set miasto = 'Rzeszów' where wykladowca_id > '0006';
   
prompt Tables and sequences created and populated.
set feedback on
